{"version": "1", "message": "ERROR: Hidden Testcases server unreachable.", "problem_id": "ads2_m4_a1_1", "user_id": "VaishnaviBandi", "score": {"sample": {"0": {"execution_time": 1.6003978252410889, "passed": true}, "1": {"execution_time": 0.48543620109558105, "passed": true}, "2": {"execution_time": 0.4528689384460449, "passed": true}, "3": {"execution_time": 0.42369842529296875, "passed": true}, "4": {"execution_time": 0.43708181381225586, "passed": true}, "5": {"execution_time": 0.3773667812347412, "passed": true}, "6": {"execution_time": 0.4004786014556885, "passed": true}, "7": {"execution_time": 0.3776381015777588, "passed": true}, "8": {"execution_time": 0.3716895580291748, "passed": true}, "9": {"execution_time": 0.331068754196167, "passed": true}, "10": {"execution_time": 0.3598635196685791, "passed": true}, "11": {"execution_time": 0.3156256675720215, "passed": true}, "12": {"execution_time": 0.34563684463500977, "passed": true}, "13": {"execution_time": 3.0981500148773193, "passed": true}, "14": {"execution_time": 0.344806432723999, "passed": true}}}, "check_style_score": "0/1"}