{"version": "1", "message": "ERROR: Hidden Testcases server unreachable.", "problem_id": "ads2_m4_a1_1", "user_id": "VaishnaviBandi", "score": {"sample": {"0": {"execution_time": 0.4443361759185791, "passed": true}, "1": {"execution_time": 0.43341851234436035, "passed": true}, "2": {"execution_time": 0.4567694664001465, "passed": true}, "3": {"execution_time": 0.4476156234741211, "passed": true}, "4": {"execution_time": 0.3388948440551758, "passed": true}, "5": {"execution_time": 0.34439826011657715, "passed": true}, "6": {"execution_time": 0.34882044792175293, "passed": true}, "7": {"execution_time": 0.3602101802825928, "passed": true}, "8": {"execution_time": 0.37704920768737793, "passed": true}, "9": {"execution_time": 0.3186311721801758, "passed": true}, "10": {"execution_time": 0.3188650608062744, "passed": true}, "11": {"execution_time": 0.31124353408813477, "passed": true}, "12": {"execution_time": 0.309722900390625, "passed": true}, "13": {"execution_time": 1.8015129566192627, "passed": true}, "14": {"execution_time": 0.3903689384460449, "passed": true}}}, "check_style_score": "0/1"}