{"version": "1", "message": "ERROR: Hidden Testcases server unreachable.", "problem_id": "ads2_m4_a1_1", "user_id": "saisrinivasreddypatlolla", "score": {"sample": {"0": {"execution_time": 0.31404852867126465, "passed": true}, "1": {"execution_time": 0.18600702285766602, "passed": true}, "2": {"execution_time": 0.2812976837158203, "passed": true}, "3": {"execution_time": 0.256594181060791, "passed": true}, "4": {"execution_time": 0.23241901397705078, "passed": true}, "5": {"execution_time": 0.21402740478515625, "passed": true}, "6": {"execution_time": 0.2221970558166504, "passed": true}, "7": {"execution_time": 0.23256230354309082, "passed": true}, "8": {"execution_time": 0.24613738059997559, "passed": true}, "9": {"execution_time": 0.20752358436584473, "passed": true}, "10": {"execution_time": 0.2068333625793457, "passed": true}, "11": {"execution_time": 0.19893598556518555, "passed": true}, "12": {"execution_time": 0.20383071899414062, "passed": true}, "13": {"execution_time": 1.0510532855987549, "passed": true}, "14": {"execution_time": 0.15243196487426758, "passed": true}}}, "check_style_score": "1/1"}