{"version": "1", "message": "ERROR: Hidden Testcases server unreachable.", "problem_id": "ads2_m4_a1_1", "user_id": "VaishnaviBandi", "score": {"sample": {"0": {"execution_time": 0.4129955768585205, "passed": true}, "1": {"execution_time": 0.25334596633911133, "passed": true}, "2": {"execution_time": 0.30861496925354004, "passed": true}, "3": {"execution_time": 0.6004376411437988, "passed": true}, "4": {"execution_time": 0.35999417304992676, "passed": true}, "5": {"execution_time": 0.3735783100128174, "passed": true}, "6": {"execution_time": 0.2030797004699707, "passed": true}, "7": {"execution_time": 0.25133442878723145, "passed": true}, "8": {"execution_time": 0.4073960781097412, "passed": true}, "9": {"execution_time": 0.2667853832244873, "passed": true}, "10": {"execution_time": 0.29027748107910156, "passed": true}, "11": {"execution_time": 0.25841832160949707, "passed": true}, "12": {"execution_time": 0.34244775772094727, "passed": true}, "13": {"execution_time": 2.8893609046936035, "passed": true}, "14": {"execution_time": 0.30063772201538086, "passed": true}}}, "check_style_score": "0/1"}