{"version": "1", "message": "ERROR: Hidden Testcases server unreachable.", "problem_id": "ads2_m4_a1_1", "user_id": "VaishnaviBandi", "score": {"sample": {"0": {"execution_time": 0.8627021312713623, "passed": true}, "1": {"execution_time": 0.2444474697113037, "passed": true}, "2": {"execution_time": 0.25147342681884766, "passed": true}, "3": {"execution_time": 0.3257334232330322, "passed": true}, "4": {"execution_time": 0.21725749969482422, "passed": true}, "5": {"execution_time": 0.22875285148620605, "passed": true}, "6": {"execution_time": 0.21522927284240723, "passed": true}, "7": {"execution_time": 0.22028779983520508, "passed": true}, "8": {"execution_time": 0.23704910278320312, "passed": true}, "9": {"execution_time": 0.2069568634033203, "passed": true}, "10": {"execution_time": 0.16876435279846191, "passed": true}, "11": {"execution_time": 0.2019209861755371, "passed": true}, "12": {"execution_time": 0.20058393478393555, "passed": true}, "13": {"execution_time": 0.9711060523986816, "passed": true}, "14": {"execution_time": 0.23406004905700684, "passed": true}}}, "check_style_score": "1/1"}