{"version": "1", "message": "ERROR: Hidden Testcases server unreachable.", "problem_id": "ads2_m4_a1_1", "user_id": "VaishnaviBandi", "score": {"sample": {"0": {"execution_time": 0.8452987670898438, "passed": true}, "1": {"execution_time": 0.3701028823852539, "passed": true}, "2": {"execution_time": 0.34906005859375, "passed": true}, "3": {"execution_time": 0.4280977249145508, "passed": true}, "4": {"execution_time": 0.18666386604309082, "passed": true}, "5": {"execution_time": 0.3720664978027344, "passed": true}, "6": {"execution_time": 0.3444089889526367, "passed": true}, "7": {"execution_time": 0.1926717758178711, "passed": true}, "8": {"execution_time": 0.30617237091064453, "passed": true}, "9": {"execution_time": 0.34600210189819336, "passed": true}, "10": {"execution_time": 0.3328123092651367, "passed": true}, "11": {"execution_time": 0.2470698356628418, "passed": true}, "12": {"execution_time": 0.3546006679534912, "passed": true}, "13": {"execution_time": 1.4218764305114746, "passed": true}, "14": {"execution_time": 0.33603620529174805, "passed": true}}}, "check_style_score": "0/1"}