{"version": "1", "message": "ERROR: Hidden Testcases server unreachable.", "problem_id": "ads2_m6_a1_1", "user_id": "VaishnaviBandi", "score": {"sample": {"0": {"execution_time": 0.8947396278381348, "passed": false}, "1": {"execution_time": 0.255967378616333, "passed": false}, "2": {"execution_time": 0.3391737937927246, "passed": false}, "3": {"execution_time": 0.34806203842163086, "passed": false}, "4": {"execution_time": 0.3112475872039795, "passed": false}, "5": {"execution_time": 0.26654720306396484, "passed": false}, "6": {"execution_time": 0.3480238914489746, "passed": false}, "7": {"execution_time": 0.3634517192840576, "passed": false}, "8": {"execution_time": 0.24874639511108398, "passed": false}, "9": {"execution_time": 0.24147796630859375, "passed": false}, "10": {"execution_time": 0.3579733371734619, "passed": false}, "11": {"execution_time": 0.37774014472961426, "passed": false}}}, "check_style_score": "0/1"}