{"version": "1", "message": "ERROR: Hidden Testcases server unreachable.", "problem_id": "ads2_m2_a1_1", "user_id": "VaishnaviBandi", "score": {"sample": {"0": {"execution_time": 1.5069994926452637, "passed": true}, "1": {"execution_time": 0.16295528411865234, "passed": true}, "2": {"execution_time": 0.1685802936553955, "passed": true}, "3": {"execution_time": 0.2395322322845459, "passed": true}, "4": {"execution_time": 0.15057730674743652, "passed": true}, "5": {"execution_time": 0.17989850044250488, "passed": true}, "6": {"execution_time": 0.15676140785217285, "passed": true}, "7": {"execution_time": 0.1575024127960205, "passed": true}, "8": {"execution_time": 0.15558409690856934, "passed": true}, "9": {"execution_time": 0.37157464027404785, "passed": true}, "10": {"execution_time": 0.19475412368774414, "passed": true}, "11": {"execution_time": 0.16755294799804688, "passed": true}, "12": {"execution_time": 0.15513229370117188, "passed": true}, "13": {"execution_time": 0.1828463077545166, "passed": true}, "14": {"execution_time": 0.2682805061340332, "passed": true}, "15": {"execution_time": 0.20843815803527832, "passed": true}, "16": {"execution_time": 0.21812057495117188, "passed": true}, "17": {"execution_time": 0.2890665531158447, "passed": true}, "18": {"execution_time": 0.27504467964172363, "passed": true}, "19": {"execution_time": 0.2620704174041748, "passed": true}, "20": {"execution_time": 0.19975781440734863, "passed": true}, "21": {"execution_time": 0.29556941986083984, "passed": true}, "22": {"execution_time": 0.31427502632141113, "passed": true}, "23": {"execution_time": 0.26291346549987793, "passed": true}}}, "check_style_score": "1/1"}