{"version": "1", "message": "ERROR: Hidden Testcases server unreachable.", "problem_id": "ads2_m2_a1_1", "user_id": "VaishnaviBandi", "score": {"sample": {"0": {"execution_time": 1.9971816539764404, "passed": true}, "1": {"execution_time": 0.9405903816223145, "passed": true}, "2": {"execution_time": 0.16400671005249023, "passed": true}, "3": {"execution_time": 0.18524622917175293, "passed": true}, "4": {"execution_time": 0.5307667255401611, "passed": true}, "5": {"execution_time": 0.15953373908996582, "passed": true}, "6": {"execution_time": 0.19365191459655762, "passed": true}, "7": {"execution_time": 0.15372705459594727, "passed": true}, "8": {"execution_time": 0.32995152473449707, "passed": true}, "9": {"execution_time": 0.2359931468963623, "passed": true}, "10": {"execution_time": 0.2084646224975586, "passed": true}, "11": {"execution_time": 0.1967320442199707, "passed": true}, "12": {"execution_time": 0.20662736892700195, "passed": true}, "13": {"execution_time": 0.15441346168518066, "passed": true}, "14": {"execution_time": 0.18988871574401855, "passed": true}, "15": {"execution_time": 0.17046880722045898, "passed": true}, "16": {"execution_time": 0.26664113998413086, "passed": true}, "17": {"execution_time": 0.1966381072998047, "passed": true}, "18": {"execution_time": 0.2378993034362793, "passed": true}, "19": {"execution_time": 0.22041893005371094, "passed": true}, "20": {"execution_time": 0.28047823905944824, "passed": true}, "21": {"execution_time": 0.1555461883544922, "passed": true}, "22": {"execution_time": 0.2303478717803955, "passed": true}, "23": {"execution_time": 0.22299885749816895, "passed": true}}}, "check_style_score": "0/1"}