{"version": "1", "message": "ERROR: Hidden Testcases server unreachable.", "problem_id": "ads2_m16_a1_1", "user_id": "VaishnaviBandi", "score": {"sample": {"0": {"execution_time": 0.4951646327972412, "passed": true}, "1": {"execution_time": 0.5081205368041992, "passed": true}, "2": {"execution_time": 1.2924606800079346, "passed": true}, "3": {"execution_time": 1.1264588832855225, "passed": true}, "4": {"execution_time": 1.21213698387146, "passed": true}, "5": {"execution_time": 1.2936301231384277, "passed": true}, "6": {"execution_time": 1.31722092628479, "passed": true}, "7": {"execution_time": 1.2754621505737305, "passed": true}, "8": {"execution_time": 0.614696741104126, "passed": true}, "9": {"execution_time": 1.1023082733154297, "passed": true}, "10": {"execution_time": 1.2172861099243164, "passed": true}, "11": {"execution_time": 9.365861654281616, "passed": true}, "12": {"execution_time": 1.2895150184631348, "passed": true}, "13": {"execution_time": 0.44493937492370605, "passed": true}, "14": {"execution_time": 1.1024515628814697, "passed": true}, "15": {"execution_time": 1.0435190200805664, "passed": true}, "16": {"execution_time": 0.5329458713531494, "passed": true}, "17": {"execution_time": 0.5185039043426514, "passed": true}, "18": {"execution_time": 0.6019585132598877, "passed": true}, "19": {"execution_time": 0.609616756439209, "passed": true}, "20": {"execution_time": 0.6960999965667725, "passed": true}, "21": {"execution_time": 0.554541826248169, "passed": true}, "22": {"execution_time": 0.5260918140411377, "passed": true}, "23": {"execution_time": 0.5971477031707764, "passed": true}, "24": {"execution_time": 0.38033103942871094, "passed": true}, "25": {"execution_time": 1.3963465690612793, "passed": true}, "26": {"execution_time": 1.3154995441436768, "passed": true}, "27": {"execution_time": 1.6722486019134521, "passed": true}, "28": {"execution_time": 2.107644557952881, "passed": true}, "29": {"execution_time": 0.41248416900634766, "passed": true}}}, "check_style_score": "0/1"}