{"version": "1", "message": "ERROR: Hidden Testcases server unreachable.", "problem_id": "ads2_m16_a1_1", "user_id": "VaishnaviBandi", "score": {"sample": {"0": {"execution_time": 0.5315546989440918, "passed": true}, "1": {"execution_time": 0.5400676727294922, "passed": true}, "2": {"execution_time": 0.9317617416381836, "passed": true}, "3": {"execution_time": 1.5735728740692139, "passed": true}, "4": {"execution_time": 1.071220874786377, "passed": true}, "5": {"execution_time": 0.8414609432220459, "passed": true}, "6": {"execution_time": 1.519751787185669, "passed": true}, "7": {"execution_time": 0.6988034248352051, "passed": true}, "8": {"execution_time": 0.7960131168365479, "passed": true}, "9": {"execution_time": 1.0648491382598877, "passed": true}, "10": {"execution_time": 1.0585198402404785, "passed": true}, "11": {"execution_time": 7.049824953079224, "passed": true}, "12": {"execution_time": 0.6940557956695557, "passed": true}, "13": {"execution_time": 0.658536434173584, "passed": true}, "14": {"execution_time": 1.0605170726776123, "passed": true}, "15": {"execution_time": 0.7171969413757324, "passed": true}, "16": {"execution_time": 0.6950581073760986, "passed": true}, "17": {"execution_time": 0.5985760688781738, "passed": true}, "18": {"execution_time": 0.6974389553070068, "passed": true}, "19": {"execution_time": 0.9113397598266602, "passed": true}, "20": {"execution_time": 1.1384413242340088, "passed": true}, "21": {"execution_time": 0.585655689239502, "passed": true}, "22": {"execution_time": 0.6922171115875244, "passed": true}, "23": {"execution_time": 0.5878612995147705, "passed": true}, "24": {"execution_time": 0.43189358711242676, "passed": true}, "25": {"execution_time": 1.4370062351226807, "passed": true}, "26": {"execution_time": 1.6969630718231201, "passed": true}, "27": {"execution_time": 1.7695937156677246, "passed": true}, "28": {"execution_time": 2.2945995330810547, "passed": true}, "29": {"execution_time": 0.6502830982208252, "passed": true}}}, "check_style_score": "0/1"}