{"version": "1", "message": "ERROR: Hidden Testcases server unreachable.", "problem_id": "ads2_m16_a1_1", "user_id": "VaishnaviBandi", "score": {"sample": {"0": {"execution_time": 2.8092246055603027, "passed": true}, "1": {"execution_time": 0.2576155662536621, "passed": true}, "2": {"execution_time": 1.0100998878479004, "passed": true}, "3": {"execution_time": 1.4662492275238037, "passed": true}, "4": {"execution_time": 1.1212210655212402, "passed": true}, "5": {"execution_time": 1.0900073051452637, "passed": true}, "6": {"execution_time": 1.3841238021850586, "passed": true}, "7": {"execution_time": 1.259239673614502, "passed": true}, "8": {"execution_time": 0.6141915321350098, "passed": true}, "9": {"execution_time": 1.0558991432189941, "passed": true}, "10": {"execution_time": 1.132129430770874, "passed": true}, "11": {"execution_time": 8.757661581039429, "passed": true}, "12": {"execution_time": 1.0582149028778076, "passed": true}, "13": {"execution_time": 0.45661449432373047, "passed": true}, "14": {"execution_time": 1.067723274230957, "passed": true}, "15": {"execution_time": 1.1026332378387451, "passed": true}, "16": {"execution_time": 0.6332173347473145, "passed": true}, "17": {"execution_time": 0.7638638019561768, "passed": true}, "18": {"execution_time": 0.5561206340789795, "passed": true}, "19": {"execution_time": 0.5302383899688721, "passed": true}, "20": {"execution_time": 0.6534364223480225, "passed": true}, "21": {"execution_time": 0.5416457653045654, "passed": true}, "22": {"execution_time": 0.588282585144043, "passed": true}, "23": {"execution_time": 0.6531257629394531, "passed": true}, "24": {"execution_time": 0.3794724941253662, "passed": true}, "25": {"execution_time": 1.3439829349517822, "passed": true}, "26": {"execution_time": 0.9600882530212402, "passed": true}, "27": {"execution_time": 1.471158742904663, "passed": true}, "28": {"execution_time": 1.918544054031372, "passed": true}, "29": {"execution_time": 0.620262861251831, "passed": true}}}, "check_style_score": "0/1"}