{"version": "1", "message": "ERROR: Hidden Testcases server unreachable.", "problem_id": "ads2_m16_a1_1", "user_id": "VaishnaviBandi", "score": {"sample": {"0": {"execution_time": 1.5393743515014648, "passed": false}, "1": {"execution_time": 0.4002041816711426, "passed": false}, "2": {"execution_time": 1.084367275238037, "passed": false}, "3": {"execution_time": 0.6784756183624268, "passed": false}, "4": {"execution_time": 0.35343408584594727, "passed": false}, "5": {"execution_time": 0.37685513496398926, "passed": false}, "6": {"execution_time": 1.106330156326294, "passed": false}, "7": {"execution_time": 0.38341546058654785, "passed": false}, "8": {"execution_time": 0.8881125450134277, "passed": false}, "9": {"execution_time": 0.7176859378814697, "passed": false}, "10": {"execution_time": 0.44504356384277344, "passed": false}, "11": {"execution_time": 0.23583078384399414, "passed": false}, "12": {"execution_time": 0.6845693588256836, "passed": false}, "13": {"execution_time": 0.39971160888671875, "passed": true}, "14": {"execution_time": 0.38738489151000977, "passed": false}, "15": {"execution_time": 1.8211774826049805, "passed": false}, "16": {"execution_time": 0.6888887882232666, "passed": false}, "17": {"execution_time": 0.432964563369751, "passed": false}, "18": {"execution_time": 0.4399852752685547, "passed": false}, "19": {"execution_time": 0.48084402084350586, "passed": false}, "20": {"execution_time": 0.4427351951599121, "passed": false}, "21": {"execution_time": 0.42531561851501465, "passed": false}, "22": {"execution_time": 0.42047691345214844, "passed": false}, "23": {"execution_time": 0.23940420150756836, "passed": false}, "24": {"execution_time": 0.19096803665161133, "passed": true}, "25": {"execution_time": 0.6869909763336182, "passed": false}, "26": {"execution_time": 0.6376571655273438, "passed": false}, "27": {"execution_time": 0.7855980396270752, "passed": false}, "28": {"execution_time": 0.8032331466674805, "passed": false}, "29": {"execution_time": 0.3256971836090088, "passed": false}}}, "check_style_score": "0/1"}