{"version": "1", "message": "ERROR: Hidden Testcases server unreachable.", "problem_id": "ads2_m16_a1_1", "user_id": "VaishnaviBandi", "score": {"sample": {"0": {"execution_time": 0.4933433532714844, "passed": true}, "1": {"execution_time": 0.48451781272888184, "passed": true}, "2": {"execution_time": 1.0655031204223633, "passed": true}, "3": {"execution_time": 1.0690748691558838, "passed": true}, "4": {"execution_time": 1.0972754955291748, "passed": true}, "5": {"execution_time": 1.0812897682189941, "passed": true}, "6": {"execution_time": 1.0804412364959717, "passed": true}, "7": {"execution_time": 1.0943632125854492, "passed": true}, "8": {"execution_time": 0.5641493797302246, "passed": true}, "9": {"execution_time": 1.1935405731201172, "passed": true}, "10": {"execution_time": 1.0753467082977295, "passed": true}, "11": {"execution_time": 8.773170232772827, "passed": true}, "12": {"execution_time": 1.281404972076416, "passed": true}, "13": {"execution_time": 0.4580543041229248, "passed": true}, "14": {"execution_time": 1.0640842914581299, "passed": true}, "15": {"execution_time": 1.0945212841033936, "passed": true}, "16": {"execution_time": 0.5573549270629883, "passed": true}, "17": {"execution_time": 0.5162143707275391, "passed": true}, "18": {"execution_time": 0.5134224891662598, "passed": true}, "19": {"execution_time": 0.5554678440093994, "passed": true}, "20": {"execution_time": 0.6344325542449951, "passed": true}, "21": {"execution_time": 0.6175384521484375, "passed": true}, "22": {"execution_time": 0.5097565650939941, "passed": true}, "23": {"execution_time": 0.5698885917663574, "passed": true}, "24": {"execution_time": 0.4608626365661621, "passed": true}, "25": {"execution_time": 1.3853554725646973, "passed": true}, "26": {"execution_time": 1.2160394191741943, "passed": true}, "27": {"execution_time": 1.7168915271759033, "passed": true}, "28": {"execution_time": 2.1371700763702393, "passed": true}, "29": {"execution_time": 0.7253131866455078, "passed": true}}}, "check_style_score": "0/1"}